{"cameraMode":{"drawMode":0,"name":"Shaded","section":"Shading Mode"},"sceneLighting":false,"audioPlay":false,"sceneViewState":{"showFog":false,"showMaterialUpdate":false,"showSkybox":false,"showFlares":false,"showImageEffects":false,"showParticleSystems":false},"in2DMode":false,"pivot":{"x":-0.18917061388492585,"y":0.13780389726161958,"z":0.010515056550502777},"rotation":{"x":-0.3753731846809387,"y":0.4131517708301544,"z":-0.19214178621768952,"w":-0.8071444630622864},"size":3.674999952316284,"orthographic":false}